organization_name,
Metropolitan Home Products Inc.,1
Hugh Munro Construction Ltd.,2
Hudson Manor Retirement Home,3
Humber River Regional Hospital,4
Human Rights Legal Support Centre,5
Veolia Es Canada Industrial Services Inc,6
Family & Children's Services of the Waterloo Region,7
"Family and Children's Services of Lanark, Leeds and Grenville",7
Family and Children's Services of Renfrew County,7
"Family, Youth And Child Services Of Muskoka",14
Family And Children's Services of St Thomas And Elgin,7
"Family and Children's Services of Frontenac, Lennox and Addington",7
Fandor Homes Inc & Fandor Homes (Vintage) Inc,8
Faculty Club of the University of Toronto,9
Gerdau Long Steel North America Whitby Metallics Raw Materials,10
Gerdau Long Steel North America - Oshawa Metallics Raw Materials,10
Vanick Construction Management Inc.,11
"Valard Construction LP, Telecom Division",12
Valsist Masonry Construction Inc.,13
Caressant Care Nursing & Retirement Homes Limited (The Maples Home for Seniors),15
Caressant Care Nursing & Retirement Homes Limited Marmora Retirement Home,15
Caressant Care Nursing And Retirement Homes Limited (Fergus Nursing Home),15
"CIMS Limited Partnership, AlumaSafway Services ULC, Triple Crown Enterprises Ltd.",17
Ivory Gate Construction Ltd,18
Revera Long Term Care Inc. Operating as Carlingview Manor,19
Colonial Cookies Limited,20
Dufferin Concrete (Beamsville) a Division of CRH (Canada) Inc.,21
Dmc Forestry Ltd,22
Strudex LP,23
Victorian Order of Nurses,24
Bracebridge Generation Ltd,25
Canadian Environmental Network,26
"Summit Food Service Distributors, Division of Colabor LP",27
"Summit Food Service,  A Division of Colabor",27
"Summit Food Service, Division of Colabor",27
Summit Housing & Outreach Programs,28
Sunnybrook Health Sciences Centre,29
Sunnybrook Health Sciences Centre,29
Sunnybrook Health Sciences Centre,29
Sunnybrook Health Sciences Centre,29
Sunnybrook Health Sciences Centre,29
Sunnybrook Health Sciences Centre,29
Sunnybrook Health Sciences Centre,29
Sunnybrook Health Sciences Centre,29
Sunnybrook Health Sciences Centre,29
Sunnybrook Health Sciences Centre,29
Sunnybrook Health Sciences Centre - St John's Rehab,29
"Sunnybrook Health Sciences Centre, Wallaceburg Central Ambulance Communications Centre",29
1001406 Ontario Ltd. (L..V. Construction) L.V. Construction And/Or Southern Ontario Masonry Inc. And/Or Via Con Masonry Inc.,30
1001406 Ontario Ltd. O/A L.V. Construction/L. V.  Masonry Ltd./Southern Ontario Masonry Inc./Via Con Masonry Inc.,30
